user_id,title,content
73b8700f-4809-4727-b7a6-1ae930307104,Meeting Notes - Project Kickoff,"Discussed project timeline and deliverables. Key points:
- Sprint planning scheduled for next week
- Design mockups to be reviewed by Friday
- Development team to start implementation phase"
73b8700f-4809-4727-b7a6-1ae930307104,Recipe Ideas,"Trying out new recipes this weekend:
1. Homemade pasta with marinara sauce
2. Chocolate chip cookies (grandma's recipe)
3. Grilled salmon with lemon and herbs"
73b8700f-4809-4727-b7a6-1ae930307104,Book Recommendations,"Books to read this month:
- 'The Seven Husbands of Evelyn Hugo' by Taylor Jenkins Reid
- 'Atomic Habits' by James Clear
- 'Project Hail Mary' by Andy Weir"
73b8700f-4809-4727-b7a6-1ae930307104,Travel Planning - Summer 2024,"Planning a trip to Japan:
- Visit Tokyo, Kyoto, and Osaka
- Try authentic ramen and sushi
- Explore traditional temples and gardens
- Budget: $3000 for 2 weeks"
73b8700f-4809-4727-b7a6-1ae930307104,Workout Routine,"Weekly workout schedule:
Monday: Upper body strength training
Wednesday: Cardio and core
Friday: Lower body strength training
Saturday: Yoga or stretching"
73b8700f-4809-4727-b7a6-1ae930307104,Learning Goals,"Skills to learn this quarter:
- Advanced TypeScript patterns
- Next.js 14 App Router best practices
- Database optimization techniques
- GraphQL API design"
73b8700f-4809-4727-b7a6-1ae930307104,Grocery List,"Weekly shopping list:
- Fresh vegetables (broccoli, carrots, spinach)
- Protein (chicken, salmon, eggs)
- Pantry staples (rice, pasta, olive oil)
- Snacks (nuts, yogurt, fruit)"
73b8700f-4809-4727-b7a6-1ae930307104,Movie Night Ideas,"Movies to watch:
1. The Matrix (rewatch)
2. Everything Everywhere All at Once
3. Dune (2021)
4. The Grand Budapest Hotel"
73b8700f-4809-4727-b7a6-1ae930307104,Home Improvement Projects,"House projects for this year:
- Paint the living room (light gray)
- Install new kitchen backsplash
- Organize the garage
- Plant a vegetable garden in the backyard"
73b8700f-4809-4727-b7a6-1ae930307104,Random Thoughts,"Had an interesting conversation about AI today. The future of technology is fascinating - especially how machine learning is being applied to solve real-world problems. Need to read more about neural networks and their applications."

